Title,Price,URL
"Acer ChromeBook 11.6 inch (32GB, Intel Celeron N, 2.48GHz, 4GB) Notebook/Laptop",$35.00,https://www.ebay.com/itm/406991376733?_skw=laptop&epid=21023626313&itmmeta=01KZ4544WNP61QYJ9WPRYGGQV9&hash=item5ec293915d:g:kekAAeSwUjZqKdPs&itmprp=enc%3AAQALAAAAwGfYFPkwiKCW4ZNSs2u11xBpQMQ7d--EX7evAS9SDELFO0tO1PdPHNyLm1PGc%2BwSuHMDbtVY3b2y7Yg1L8uEOr4Nx3--UZhAPgjf34yvHibH4AcsDJB2LqnCs3pJQr03XVcniObXW6lRjpJgFTA1H6WfdDM67wo3PTmyrOICkNdTdAoo6XFL3lw1LKV%2B9Zb4dh3zYonFPKSUEODhwhDy6a52u5z7Tt9Gz3zKClqsg3Z%2F1nvOOTwwh908A83PsbRzNg%3D%3D%7Ctkp%3ABlBMUPbOkIX5Zw
"NEW HP Laptop Computer 15.6"" Quad-Core Intel Pentium Up to 32GB RAM 1TB SSD Pro",$379.00,https://www.ebay.com/itm/127755433900?_skw=laptop&itmmeta=01KZ4544WNJ0F7Y9DGEKF2R1YF&hash=item1dbed137ac:g:b9AAAOSw3JBn1E2t&itmprp=enc%3AAQALAAAAwGfYFPkwiKCW4ZNSs2u11xCCd2Qbel1wPPekwMoVsh4%2FCdwIH%2BISbLn1KPHf%2F3%2F7ZdCUyO3Hq0hk4NdF61jBjreYWX8CMSSHIjygntWp%2B52Q2DkfnpZeDLpPCLloThtnN8uoTbWLLh80ylR6EeO6lsCa6qAIvK6KhjC9IsGn7e1LvhrGUdDFoQxX%2FhDBhEYR8Hgt3yflZToRCZuBjbSIh8uSWSBdPHDchSBgZKnata8QN1i3PSrJfikU8Uxpr68rMg%3D%3D%7Ctkp%3ABlBMUPbOkIX5Zw
"Dell Latitude 14"" Laptop Computer Intel i7 Up To 32GB RAM 1TB SSD Windows 11 Pro",$334.03,https://www.ebay.com/itm/286865561827?_skw=laptop&itmmeta=01KZ4544WNQ29Y66KK7MD94FZZ&hash=item42ca8518e3:g:fhcAAeSwcE5p163t&itmprp=enc%3AAQALAAAAwGfYFPkwiKCW4ZNSs2u11xAn0eJp96D%2FNa%2Fs9lPsfS3WAk%2BoVYK6qz%2BRp2ODy3f8fjjlclNCpxlppTUs25pLD8LYQmMPOm%2FHqdsxGjlsl7yYdaTw7wrVdDb%2BHEBrWzvcE3H1DLT9stz2Fh8NpNqCXfWXlJfn5dA5t4Xzrz6oNs1%2BY84YV8lxMKE3CfyDIa66IoUp9FuYmIju03NdU3wAlWSy6dTcXc540DBHLIgKOAqbQZtMOBE%2F33QsI1PgFH%2FQZQ%3D%3D%7Ctkp%3ABlBMUPbOkIX5Zw
Dell Latitude 5430 Laptop Computer PC Intel i5 Up To 32GB RAM 1TB SSD Windows 11,$263.73,https://www.ebay.com/itm/286393092388?_skw=laptop&itmmeta=01KZ4544WNBKJA9WJCHFD7SSFB&hash=item42ae5bc924:g:0DgAAeSw9G5p5kZ6&itmprp=enc%3AAQALAAAAwGfYFPkwiKCW4ZNSs2u11xAYp79mZk36luKcCQwI1nCH8Lb8pHZubNCxuM1OXluKc4Xcibq7RblwCu546Vci3HC7ukRQ5DODZ9SrCo1%2BOwI2PmNBXDPey7gPsY6ojkkhzFAbntIrxljglivbCmkw4pJaF6%2BgrLETPCso%2BUqgs3DekSVVWs0JDiXEy6UZIBgXje%2Bmw%2Bt--x%2FwXDJNoZaQhh5L8Ecc1bkHQJdGcuC0w2%2BsMqzNPC%2Fb%2F0ovhkdq7B4rAg%3D%3D%7Ctkp%3ABlBMUPbOkIX5Zw
HP Laptop i5 8th–12th Gen | 16GB – 64GB RAM | 128GB–2TB SSD | Windows 11 | WiFi,$229.20,https://www.ebay.com/itm/115777670869?_skw=laptop&itmmeta=01KZ4544WP6H8TCSX4TZY23JTT&hash=item1af4e30ed5:g:jFYAAeSwZPJp3ClG&itmprp=enc%3AAQALAAAA4GfYFPkwiKCW4ZNSs2u11xDfvYTLEVz1kVhjvZErTc7AaTkA%2BXn0fvUzSYkby0HfmUXh6LFa7KRbQYLPt7KRWicvBaLFGZSrjvNnOejaNNgzjfvyjcnH92jnuUr6qi%2BaKgkQSpT%2FXUWGyAJ4U55Y5ZeCAtUpVZJZACGIwGsIbeOmJmg2axXUlMqWbZYjM7H%2F3zsShU7C6hSGP8IffFpUmj4Kg6t6dA9Kn8gs2fu5sMweILE5wA%2BPa2rX%2Bge2wxOJVa2HO5oGTFigrnD7dksqLowjb5toOzlc5V6kfpEHEWJl%7Ctkp%3ABk9SR_bOkIX5Zw
"Lenovo-Thinkpad-L13-13.3"" -intel Core i3-10110UU 2.10GHz, 8GB-128-SSD-Win-11-Pro",$87.63,https://www.ebay.com/itm/377352544177?_skw=laptop&itmmeta=01KZ4544WPM1JWK3Y8YCNW58H9&hash=item57dbf6dfb1:g:VB0AAeSwDB5qW8TW&itmprp=enc%3AAQALAAAAwGfYFPkwiKCW4ZNSs2u11xBrJ%2BFa%2Bf5Psnxuc3FQE%2BJso7E65xPGe%2FeTQMrhsN9iTJ%2ByfY4ID8VbGNG%2F6h19wkCrS8b7npcdfTJ3cPq16YmWG%2FsqWbNFTNN4o5r7csJduFA%2F3Wp0c09GMEPOzLUDLdWCKby5Yxp5Gv71ARdPaMkNq2Pq6gN893OUt1bYpdvE2LosxfamyC1KV8KL%2FYyPWC85uFUuRRl8D1g8bil6OoQ%2BBdrblO3xemsugXNjTqYyyw%3D%3D%7Ctkp%3ABk9SR_jOkIX5Zw
Panasonic Let's Note CF-SX2 Intel Core i5 SSD 128GB GB 8GB Used w/AC From JP,$119.00,https://www.ebay.com/itm/358519502389?_skw=laptop&itmmeta=01KZ4544WP2FQG4SXFDMGGJHVA&hash=item53796d7635:g:Ls8AAeSwbyJqKzvm&itmprp=enc%3AAQALAAAA4GfYFPkwiKCW4ZNSs2u11xAkCS4jIjfaZ5MKqHZDmzsXZKrdiufVITnOsb%2F6r8kpSqTDgomj4AAAw72ABSKyLisFuDxz0jzBusv5yOUtRIZOVonJUP4DVKmxzP3dpmvmqbT6VGXOfX538IVFURJ%2FDPhRb7%2BjcK%2BHq%2BOhPB2515cmGkquj5Ps4BCvOtjByrcLd3anYi1tIGygkmp2tQbGx1ZLuUNeGbohIrdInZTtip8lwDDqo9TgSERxuy1fjDMurf%2BLbEEAML9DoRBJfsi0HAWRsU386H05oaybRZb43nre%7Ctkp%3ABk9SR_jOkIX5Zw
Panasonic Let's Note CF-SV9 i5 10310U RAM 16GB SSD 240GB Win11pro Used w/AC,$240.00,https://www.ebay.com/itm/358548245513?_skw=laptop&itmmeta=01KZ4544WPX14BNSA18GS3Y19K&hash=item537b240c09:g:xQgAAeSw2rlp5q43&itmprp=enc%3AAQALAAAAwGfYFPkwiKCW4ZNSs2u11xBoFdi34v3fp0gU%2B0EOHuUvDDhVuSMo9CLElI5Y6Dw3K7YVMZT9DLDTO0hsnrqW9qS%2BzEA%2F7rO5xXzOu%2Fn%2Fk9sz6ivJzbuqV2eEHotWK7SxfGzi5BPg4kaswAa%2FG9XfM%2BVCcLMPHeEbYhJO45%2F7%2BUssXuis8gnlgtf6ouDPArAtqTiwVgPhinUwNwwEQjOGhdjXdbj5Y%2FiL70eiMGrPVedKcv0xclnW6LylarrClXFojg%3D%3D%7Ctkp%3ABk9SR_jOkIX5Zw
"Lenovo ThinkPad T580 15,6"" i5 8GB RAM 256GB SSD - Sehr Gut",$261.65,https://www.ebay.com/itm/235809604600?_skw=laptop&itmmeta=01KZ4544Z248TBA1GX0GEFFTA6&hash=item36e75903f8:g:rfMAAOSwvz5nDkUs&itmprp=enc%3AAQALAAAA4GfYFPkwiKCW4ZNSs2u11xDvO9QjmkjToq%2F3WFdAcu8FQvJx6WPObA6IJUQ12NqpXFTxIzx%2BAZEF0INTkuUI572AeVfxX3lhI8OUxjkfFEG7ksYRlRxkkT4KZPsME8AqtbZpVTkat3JUm927bl%2BR0QwiXFDfGoWdehT8n0Vpt0tVcEnMdSB6gnIoT%2Bqx%2BzJ979eM0Hkwg2PdeYuAEs9UFgasNM4UFw3ZxSkJhk47CeKSlkz22aJgsg%2BiiaFJraq8tkjahbwIhQor6XRmVModN9xmgHfnGJVXLdSNOzo1niBA%7Ctkp%3ABFBM_s-Qhfln
"CHUWI HeroBook 14.1"" Windows 11 Laptop Intel N4020 6/8GB RAM 128/256GB SSD",$199.99,https://www.ebay.com/itm/336689703289?_skw=laptop&itmmeta=01KZ4544Z2D291V6MAGA3E5RZM&hash=item4e64452979:g:fyMAAeSwp~hqUJ-1&itmprp=enc%3AAQALAAAA4GfYFPkwiKCW4ZNSs2u11xB1mfJRn8HuZSHE0CY7y6b1GZitG0E2nBz3XwHxZ%2FXnMasNP8k%2FRwe4CCKJDoCIVFe%2FLGikSmjyrguv5u4vKojGj2QEswvVuTMwMtHUc%2FkpfQsL%2BEPMrgwzgWuBAQ9k4EQo2Wcrch86rbsmW10ikNEVNKyRs5wVeZ4OAoVfJSsxsXiki0rIT%2BFts7Q46fQSDeQDImrJdY2YW9ZBzGkvnG0n1ctX4Zr%2FFWUmxLZo5RRSJ1fS%2FhydTss3e3vThJHmD8XtdP9JNYmvNhMlBEm8jMnJ%7Ctkp%3ABFBM_s-Qhfln
Dell XPS 15 9570 Laptop Intel Core i7 8750H 2.2GHz 16GB RAM 256GB SSD W11P,$229.99,https://www.ebay.com/itm/227460379723?_skw=laptop&itmmeta=01KZ4544Z2VBVD32BX740WZ7BG&hash=item34f5b1f44b:g:NZkAAeSw371qcKFX&itmprp=enc%3AAQALAAAA4GfYFPkwiKCW4ZNSs2u11xC%2BXX%2FyAPT0oa4h9FC8kxkn1tKlq4NNO9GIw4RYDAhDPGiKwFWc99DnO0afwl3AY3ZnwE%2BR0gitfdve6nZwd9oeP73eHK4bJlk1at0u8BHEZfHhqJJqdOEW5tk2hmqD9FNTwtXjs%2FwRbYw7goMAOr9KnfOesKuZIEUGAz%2Bq3550KjmzkCJzP13xCRI3Ut09ANDa%2FYPsgNxuCSiu6329pfoHQ8PP77sfYhwh9wTIKrDy%2BRYFLtw8JL%2B5zWqllKPyfqNuwA5WwBp%2BQJ3d%2Bll%2BOMPt%7Ctkp%3ABFBM_s-Qhfln
"Dell Latitude 5420 14"" Touch Intel Core i5-1145G7 16GB RAM 256GB SSD",$193.00,https://www.ebay.com/itm/297938409040?_skw=laptop&itmmeta=01KZ4544Z2WJ07SMKZSGRD6PP9&hash=item455e835650:g:i64AAeSwh9JogXSn&itmprp=enc%3AAQALAAAA4GfYFPkwiKCW4ZNSs2u11xD4zzBahsimQrrgBYbT83fSJ7bGav3MoY39QeZwTcLAwNiCw4500on5w5p3TTHHnQAW9dnEnpw1T6OaDCIenKcxecUNjZ8DnuaSYAg9D8FlzpG9YkGTfz6Crj8stR4Mj8VDtQ%2BvnXvUDd43Qr52oYwEmZd3Zq1i0pw4n%2BTXQdqeZt4meHo5y5aiTGf5OHOxDm%2FkpHy4y0Qwnemyh2K3xfDlMdsX4gncThU%2BDrQ7yV%2Blr4A7eY2ktapYSPOSnpGI8xPR0%2FimHTc4FJ9oPjpYWZEh%7Ctkp%3ABFBMgNCQhfln
Dell Precision 3540 Laptop i7-8565U | 16GB | 512GB | WiFi+BT | Backlit | Win 11,$239.99,https://www.ebay.com/itm/117306205677?_skw=laptop&itmmeta=01KZ4544Z27EK8EA6K6YPRAJN0&hash=item1b4ffea5ed:g:dXMAAeSwC~ZqWVeg&itmprp=enc%3AAQALAAAA4GfYFPkwiKCW4ZNSs2u11xA0bBzoIahdeZWV57oIlI8IUuikKXnE2lNPSMIuguSMIZocKp31oE6MuCx%2FFixX4anL1LRZjw%2ByQS4hS7x6PELPLogzUlh3v5Vjhs3QgZxEanARdnv2Eekg0SYSx%2BqFug%2BljBh7gGIEiBkf6NIGmxFE1yycnmmNLJGH46GGbEjVqJNXTIok%2FCtXJrUF6PR26mQc6uLDFXpV83JcKU7l4X%2F0gsSwD7FKfsr0mx%2FiSaFLUdxWT15aUfnSyqwp3Bg%2BQ%2BWJkGK%2FgOa%2BrqQ18koKSajJ%7Ctkp%3ABFBMgNCQhfln
Toshiba Dynabook i7 10th Gen 512GB SSD 16GB Windows 11 Pro Wifi-6 HDMI Laptop,$188.00,https://www.ebay.com/itm/336098802215?_skw=laptop&itmmeta=01KZ4544Z2FMFWER773E5QS80R&hash=item4e410cba27:g:Fa4AAOSwPk5n6st9&itmprp=enc%3AAQALAAAA4GfYFPkwiKCW4ZNSs2u11xBJwVz18LBoFEVDOfUIIKSOR6LceEA1njanzAHJ4ccmg79Etbfsq2EpqiBJxBZQMJLK7CbQidGDBItVCj1cATWT%2FgcFVawJW7TpFtMY2FWpdeuNiaCMq18e8ezOIQaN014vuj6yGZurfPuPgJcdc%2Fwk0dRX8u7oIcNVVrG0F5CUbXUcnygKrAg49nzeluKP6sVlLN7BCIY1bwGT9fQGvt7DNR4HrwBxJmcd05zx1I%2FcZR18aXDRSIZz8nnsfcrAsPkqX6zPMLbS1lI1MZZOKyKT%7Ctkp%3ABFBMgNCQhfln
Dell Precision 3540 Laptop i5-8365U | 16 GB | 256 GB NVMe | WiFi+BT | Win11 Pro,$199.99,https://www.ebay.com/itm/117070665248?_skw=laptop&itmmeta=01KZ4544Z22PF60WT3BJQ4Z28B&hash=item1b41f49620:g:VN0AAeSw~UhqRWJm&itmprp=enc%3AAQALAAAA4GfYFPkwiKCW4ZNSs2u11xDaNJf9x2dPk74hb9FJgl0kDZuvIUPet744quN7YL0AR9HWnIAK7yR4cH7QlvTsldN62Q3AEyA%2BfVbafPsgs%2FodSzg6WjPC0mRs53gJnOEtkD91zjpUKiDJR0OBjpZWEHr12k5pK9pXUeyJToMmEvc9M5zRutFvzrQCs8j2KIXoDacmIPuH4SSnPnzXPCenQ%2F%2BFGvBYvOTYD6wBTnjzK87Fu1y%2FnexjzWRcQsomE6729o18Bal51JgZCBz0sMXzmO%2Fbje3dV7Vfl8fe%2B6GTiVro%7Ctkp%3ABFBMgNCQhfln
"Dell Latitude 5411 14"" Touch i7-10850H 16GB RAM 512GB SSD Win 11 Pro Laptop pc",$244.39,https://www.ebay.com/itm/227446066641?_skw=laptop&itmmeta=01KZ4544Z251SXG934CF1J3781&hash=item34f4d78dd1:g:xdgAAOSwLBJmcyUc&itmprp=enc%3AAQALAAAA4GfYFPkwiKCW4ZNSs2u11xBy6TV9K1ryfgHu3mCaFSE6zZtgian4FsjFdMFX7ujF6z8K0AcNWOytsQo%2BEohDdDvHoOeVHKrluv5McXzhRShQ1sTCnlfKQ2zmHExfldELGPMEpiasQ%2F68LaXvEbAs3292sgXsycO4sBW4PhAE%2FoGIUpVulwg2lia67GQqqfKj1pIYIw77EIHaLkJtaWQITP55%2BIaGEGG11UvDfxmpHBP7s%2BEZ6nZND%2BVSe4eAfUK2lHQoY31dCSkO62hAJwabM37e866wys8DxXV0t07OYX4Z%7Ctkp%3ABFBMgNCQhfln
HP Elite c1030 ChromeBook IntelCore i3-10th gen 2-in-1 Convertible Touch 8GB RAM,$178.66,https://www.ebay.com/itm/236854638588?_skw=laptop&itmmeta=01KZ4544WPMN6M4JYFA7MV5XR4&hash=item3725a2f7fc:g:AEAAAeSwyUlqICxY&itmprp=enc%3AAQALAAAA4GfYFPkwiKCW4ZNSs2u11xB7uz8gWJPB%2BPMBnqJx3MUzM4gd5WUCaYOVlTp3Ne6ImAKbgzFsQbQpEGh283IsnRcoaio5Y5RtiRyo9H7L6nj9Y0tFw5jnur2BsJj0tFpbl%2BJ8ezTKlMXayWe2Cl5cnhKkMcph1D7Ap4aoWQ%2Fmq50C6ejPY3tQSOxQ82eKbPgDGO6MLp7vB6Vi5LsN2XkEJDc610FPxSiNh1E8L4%2BYS0PxkeX8dLV3vdlrYWuORObYu%2BZRO8Ysdi3SLkEaIml2c4O8E52WgVy2WV%2FWW0Pa5Mit%7Ctkp%3ABk9SR_jOkIX5Zw
Panasonic Let's Note SZ6 CF-SZ6 i5-7300U 8GB RAM 256GB SSD Laptop touch w/ AC,$129.00,https://www.ebay.com/itm/375836910296?_skw=laptop&epid=21054243937&itmmeta=01KZ4544WP3J60246KVPBY24GQ&hash=item5781a022d8:g:2BMAAeSww3Jo-YK0&itmprp=enc%3AAQALAAAAwGfYFPkwiKCW4ZNSs2u11xDIJ5P8ut3PCEfWCShKye5dsgRgLOwG5EBIGeF51DioE%2B--hDiDCtGRUB%2FoKtLstaldeqMP%2BuOMCd5X%2FIfXTpq3pMktW7kYKd30pxxIH%2BPS68P5LhJOEdW47GMN23ebaHep9jpHWNFM7FV8kaGNyS9TaBycTyHNN87XdJ3SNfkIuGczyWacVBBOmeUW8LRouqOpFxcqqfIcaYoV%2BF013wzr68c6OIMowcFtQNQSFaBJWQ%3D%3D%7Ctkp%3ABk9SR_jOkIX5Zw
"PANASONIC TOUGHPAD FZ-G1 MK5 | 10.1"" WUXGA i5-7300U 1TB SSD 8GB GPS HDMI LTE",$195.44,https://www.ebay.com/itm/127727620764?_skw=laptop&itmmeta=01KZ4544WPXFZVTTBED97BQK17&hash=item1dbd28d29c:g:AN8AAeSwpPhpuxDu&itmprp=enc%3AAQALAAAAwGfYFPkwiKCW4ZNSs2u11xB4oWFEQzgtr%2FR9XVP4grQ6COH7lsr0evmBZ1seqxUevXasnFTn0iiHDfSMLj%2F6Y%2B91dhovkX3PsaQ7Oq0Ko3r%2F9RHDQSueDbJFlkXEdeyZr%2B79sqqime0FKWjbV00rQPveKnM9vWi78FeGPZaH0F62ueZh%2BQpz9eIeNoHxoU%2FqwAaxp8TSMMy%2B7CcSLT1VKnVq8YK2KXC5vz7l%2Bv7YcnsINNpEDA%2FIPq3UnAti%2F6OJWg%3D%3D%7Ctkp%3ABk9SR_jOkIX5Zw
"HP ZBOOK Studio G5 Workstation 15.6"" 4K i7 9850H 32GB 512GB SSD NVIDIA P1000",$455.53,https://www.ebay.com/itm/267652897850?_skw=laptop&itmmeta=01KZ4544WPPD1ZSND6ADED2QD9&hash=item3e515b1c3a:g:pV4AAOSwyoJnrUYF&itmprp=enc%3AAQALAAAAwGfYFPkwiKCW4ZNSs2u11xBvWWZO%2B%2B9A6Ams2SuZOcWK9cKuf1ZVSzcMEMMI1xmXXLFfHQr5P%2B%2B3arQVSllrcAJlLNt0hTaWPzp%2Bvelj4QxZemY6PZ4trVZ84voYwVWmUoyLD34UWaYP4JjlPfCA3I7Ein5I3tEib2uSgX0GBRyRxs7lnEfFtB6WSeUxnSlbKOL610J%2BdJ%2FQLziVEjlNK91jD8K2XaY0IglQAMJMSFC2X9N9ajFJhtqmDI%2B11D6S6A%3D%3D%7Ctkp%3ABk9SR_jOkIX5Zw
NEW LISTINGipc top laptop,$43.80,https://www.ebay.com/itm/168585453907?_skw=laptop&itmmeta=01KZ4544WPHKDHRMQ6BV72G4BD&hash=item274079e153:g:sAcAAeSwzXdqcHzu&itmprp=enc%3AAQALAAAA4GfYFPkwiKCW4ZNSs2u11xBPdSfw7vQEsml5xaBMeqEw%2BQm6PZQrvP2ICfG9lIiVynhxytOkRAG%2FP2SKUviq3QtYDZL1qFMd9G4uz0hkLg2ARmyPQ4ulFP%2B%2FLRhcytpCY%2FHx6%2F8%2FkZBt5g2l%2FaLs%2F3ksyaHlbarDtwwUUG0fMGQm3Yf3qGEk4uN0Y6Q7Wn9M0qdrJ8f2PIK2G5YUmBu0eJpJIUUDqJm1PXsF5yDvdM3Kcb%2BdiofkQrSehXMrw9a%2Fr0pyRFLeoN9eoLgWnPMS6LfiSRJ6ZreuLQnaAjt71ZQ0%7Ctkp%3ABk9SR_jOkIX5Zw
Lenovo IdeaPad 3 Office 2024 Laptop 15 Touch Intel i3 Upto 24GB RAM& 2TB SSD Pro,$449.00,https://www.ebay.com/itm/117004512546?_skw=laptop&itmmeta=01KZ4544WPH9RR8ASTY8C85V92&hash=item1b3e032d22:g:FNYAAOSwV71oB8pI&itmprp=enc%3AAQALAAAAwGfYFPkwiKCW4ZNSs2u11xCvkzYsWO82nQ0qXAcaJLxBoApXfgsTpPq3V926poULklY3myE9SoP0dkez6R3btnR5wqAc17X%2FPl6O%2Fh%2BAgKtugK8R2%2F7CAwpl54D5Q2HqY%2BcqXPGBntHWiHKwd918SD1EgHkOB2y7ox%2FmH94RFVcCVHvAAdiG6PgyDAXkDfwJoZ--iLtxgNKu5o9u5GzToeWRF7CYIuGIfLlLHwPrvwAfz0VCSRt51eQGUrdipxK%2FCQ%3D%3D%7Ctkp%3ABlBMUPjOkIX5Zw
"HP X360 11 G4 Touch Laptop 2-in-1 11.6"" Intel Core i5 8GB RAM 128GB SSD Win 11",$145.99,https://www.ebay.com/itm/265038069230?_skw=laptop&itmmeta=01KZ4544WPK24JNAWE2SFVX4D1&hash=item3db57ffdee:g:3VUAAeSwKjRqTvTv&itmprp=enc%3AAQALAAAAwGfYFPkwiKCW4ZNSs2u11xAimXNgnTosDp2JuC2jD--W35QLaKviKrM0RaMZPWOxv8gezLSJfMDoseMy%2BhblWNoE2PyLrTTcltk7mVkQZBjMLRnMavaUqtToSh8lsgMz%2F2oNbN1ST3IDW9%2BllOF0li2oo%2BQSoQf5dqL6gzqGFF1jgSrmLmhCg6ML3aVE9LrXqKh0Cop%2B7iLFNNS6rjfT9TRohlf06V%2BfA2xmcJGeTWMJMJa6tHOlvqo2x6pmOmDCnQ%3D%3D%7Ctkp%3ABlBMUPjOkIX5Zw
Dell Latitude 15.6” FHD Core i5 Laptop PC Up To 32GB RAM 1TB SSD Windows 11,$250.73,https://www.ebay.com/itm/256879744174?_skw=laptop&itmmeta=01KZ4544WPHXKZVZ2RHYE5HP7S&hash=item3bcf39d4ae:g:kSsAAeSw0r5pZ8WR&itmprp=enc%3AAQALAAAAwGfYFPkwiKCW4ZNSs2u11xC8twSGUd6vQaQ7EE3LkcCjGXIOmUe8Z9IZe2o%2BknVI2gRNjbHMAVybhMNf4DpYvAZul6F8cLXTt1qmrcWmpmNnzFkT%2FPqBeUP8Axmt0cmn%2BGDhNSAA3KLgLk2BhwofcZR0ApMDHMGF8ChvmNdKd6KQEeGESB594HJtgxhtgFRAimt8bf6lQwwbDKGMO8Ah6w%2FLEBpRCtmaUDCM82y330mI9rkUQNwhum2CJrielifnUg%3D%3D%7Ctkp%3ABlBMUPjOkIX5Zw
"PANASONIC TOUGHPAD FZ-G1 MK5 | 10.1"" i5-7300U 1TB 8GB GPS THERMAL CAMERA 4G LTE",$161.73,https://www.ebay.com/itm/128000812410?_skw=laptop&itmmeta=01KZ4544WPPPKGTKR6D5FWV3RA&hash=item1dcd71657a:g:B58AAeSwPpdqak4M&itmprp=enc%3AAQALAAAA4GfYFPkwiKCW4ZNSs2u11xA%2BeN%2FA5HvhHxnZul04L4xSgJX%2BnXYyxYNrHX4syGBSw6nn74GvUjTIvIQXsu2YuBYnwn7VKqpHmta9mX2j29nXdu7VAMym0S7AaCY6PcFAIRaoGY1bECsO11eeyfKuHOpOCYvtbRPXnXr4z3%2FY0gz8tGPQ4pS97rPBpShzq7ujPcenoHCgwtq3y4dMG160bgmEtwzAGY5jfIjIBTZT7H4sJ36EHBE1NjsUqgGjtYvqj%2FDP%2F3GJmiUyIH3ziR9UTYTCU%2FKi%2BOvOgU0Gz7os5pU8%7Ctkp%3ABk9SR_jOkIX5Zw
PANASONIC TOUGHBOOK CF-D1 MK3 i5-6300U 2.40GHZ 16GB 512GB SSD Win 10 or W11,$262.91,https://www.ebay.com/itm/296199535493?_skw=laptop&itmmeta=01KZ4544WPCJ0VA3PXMEMK2A40&hash=item44f6de3b85:g:WBEAAOSwKQ5mdYIW&itmprp=enc%3AAQALAAAA4GfYFPkwiKCW4ZNSs2u11xA7BI%2F63DFwfJ3%2BCpqMNWPyUgrhsnfEEGgHEcZ3JvdZlIwfx%2FPcvP6vqSXM%2BzCzp7fKDxyhV2whicUJnloenF87ryzQcUU0kN0%2B%2FKJ%2FGiEWC9pZMw8TFcCOjvQVPABiunQy%2FZrmWubztIVEuwy78rs1hGWUDVv0BIgWxazMNpTci5fqHHszf2C8B4s3%2FxoJ2vf4ct9m3a2TNZxAHe%2FAybCCp94VVmRqTLYQzwsQ7KmqxSsJrmDbWz5GoNEoQ7xKFPuTcUWrjqx7ZzDZ70OcPkG4%7Ctkp%3ABk9SR_jOkIX5Zw
FAST CHEAP TOP BRAND INTEL CORE i5 8TH GEN 16GB RAM 480GB SSD WINDOWS 11 LAPTOP,$148.30,https://www.ebay.com/itm/317027002155?_skw=laptop&itmmeta=01KZ4544WP3ZHFGWRW2NJWWB8H&hash=item49d048272b:g:FhgAAOSwzSxoWp7x&itmprp=enc%3AAQALAAAAwGfYFPkwiKCW4ZNSs2u11xBlyfHJyjCe5fpmIrutPh6zP2iUzUsjLmGS64c5%2FVwFatIEZcM1jFPEehDm%2BgtP4JbI1zkyn28TAz7u%2F9%2B8eq32uLa7wWmhYarTroSU3ZouiCIVrmix8MjZVRzyLyP6UQEhXTuGyKqIUOfCqH3ohxyhx%2Bg--Yx9heu0OAZQBf6elXCgvaxbG1M1sKld5%2Bucx%2BXc3NJoEiU%2BqUV%2BS%2FIEJEfuZG1q94k5uMDHL7D7e%2BMX3g%3D%3D%7Ctkp%3ABk9SR_rOkIX5Zw
Panasonic Let's note CF-SV1 Windows11 i5 Netbooks PC 12.1 inch 256GB 16GB w/ AC,$255.99,https://www.ebay.com/itm/376141157044?_skw=laptop&itmmeta=01KZ4544WPY9ZM91P4J9FY2VCA&hash=item5793c292b4:g:n5QAAOSw1j5n8zCR&itmprp=enc%3AAQALAAAA4GfYFPkwiKCW4ZNSs2u11xAUTEVB%2BVpkhxDaS7JD5c61fd6c63IEKnSFLN5ykJSoSRlb1CJMedJgg%2FNc6K0pJ66Zwxc8L%2FFGq4J3R%2Fl8lqp2Ijbfk5g0q12fjnh8JrEZoSp4Vgi3UeHCMD1M5SmwYXvJj12f4yJf%2FTolZ5Qb8lvGsz%2BcB4ul3FLcz72muAtgMhaGK0VTtM4mh%2FoYwc34k6XW%2FPK9T%2F4pRJWlZrQLJjbn%2FRPmAMfagZD0WelkSWnGuFQr145OkojLxNqAmn%2FzbghEMOI9n%2FArGhAVHbS2PdX3%7Ctkp%3ABk9SR_rOkIX5Zw
"HP Laptop Notebook 15.6"" Intel Pentium N5030 8GB RAM 256GB SSD Office 2024 Pro",$369.00,https://www.ebay.com/itm/117094953318?_skw=laptop&itmmeta=01KZ4544Z254F1P2V7SKPJ2Y2X&hash=item1b43673166:g:XWkAAeSwW3RpuweC&itmprp=enc%3AAQALAAAAwGfYFPkwiKCW4ZNSs2u11xDGmwOi5%2FUagr7nEcd4z2YxGlsEkyU%2BrqwFWfkVMuv1UDs%2BuevXFGs93c0U49m7mPbMkLkljpZb8vVm6wG%2F9thDnE9KFhbLGedKEWibb11s%2B%2BtUneCVsUdpdHqYDSBeC33uqPKHl%2BRzu5dZPiYNNW2mwvD1oZscwc9%2Ffk23NRCrqBMii7f3aKLixA5WnIS6G5RLMEOfhpotFBN2985ABb5pNY4e06mqiu060Vah8dAQ5Q%3D%3D%7Ctkp%3ABlBMUITQkIX5Zw
"2026 HP Laptop Computer 14"" 4-Core Intel CPU 8GB RAM 628GB Storage Office Pro",$319.00,https://www.ebay.com/itm/127624083982?_skw=laptop&itmmeta=01KZ4544Z2MFT6XXBXSW2FFTSH&hash=item1db6fcfa0e:g:YokAAeSwltVpASTy&itmprp=enc%3AAQALAAAAwGfYFPkwiKCW4ZNSs2u11xBucF0sJ%2Fjc1loy84VEwghg8LtPh6R26A5T5kME0BHANbZYmhfImKeZdeHcfLZke4Pa98L2Y9HdNug7p3ja7pgax8MfNklQ7Z6NIYZtWCUKRhoVp6T1Kh7oaVqd2jdhowV7tBHgZVnuJUQSInPIzMb5uYlFrUYQslNnBvUn0YPLeAuqRKVZw8p72PU9oX0m0Rf%2FON9wZVuilutiuUdugh7fckt2r2s%2BekeCYvS2ZSCyNA%3D%3D%7Ctkp%3ABlBMUITQkIX5Zw
NEW 2026 HP Laptop Computer 14 Quad-Core Intel Processor 8GB RAM & 628GB Storage,$319.00,https://www.ebay.com/itm/127624101174?_skw=laptop&itmmeta=01KZ4544Z24K7WFFQEN2MVR5MJ&hash=item1db6fd3d36:g:FEkAAeSwKEdpaBBk&itmprp=enc%3AAQALAAAAwGfYFPkwiKCW4ZNSs2u11xA9pUc%2FTyhf7GgRxUXKApX0PXTQ1xDKyjeztpbOOW4jTLPuUYNN9C2MyiwJHwO0TgouuDP%2FS3xn%2F%2BDRrRi8FdrFUXLQ2qItE8nqvSLOP0ELAnzdE%2FdZYwWzL8cJZIc8BXCJmDeo%2FoYEC6gOFPg4ffEn9d6ZRB699Uz7OEj%2FSpkhhJgDPpBDShD9uicsUp8Ifk5SiIEat6uqKsX1Nc67uGxRa3CA%2BnfFQVYkv0gIDj7jew%3D%3D%7Ctkp%3ABlBMUIbQkIX5Zw
2026 HP Laptop Computer 14 Office 2024 Intel CPU 8GB RAM & 628GB Storage Win Pro,$289.00,https://www.ebay.com/itm/127639412496?_skw=laptop&itmmeta=01KZ4544Z29C21BCFKHPBJXPQW&hash=item1db7e6df10:g:S4gAAeSwJRlpcoj1&itmprp=enc%3AAQALAAAAwGfYFPkwiKCW4ZNSs2u11xDNCmd9HmvtMTqVJPQUgYsK5y3jqneg9NXGUfUL5thSXyUP5P%2BI5EME40vCeb%2FuzmNopk2rH1Wwx64lhouKy8jSwEpjfs8CV%2FAXc5wBfgsnmqmJ9PlCbqVrpYLRE7O9NeARVcjcp9Y51TD9GtdTnozKnqqoFzOJNyFOViG6Vnqx9fijBDzNukXxSe35tfWfSv%2Fr24Va4qOjA3ZnVNZzO1Xs74q7tCnj%2FXC7nLoCTzxMgQ%3D%3D%7Ctkp%3ABlBMUIbQkIX5Zw
NEW HP Laptop Notebook 15.6 Touch AMD Ryzen 5 16GB RAM 512GB SSD Office 2024 Pro,$499.00,https://www.ebay.com/itm/147109343113?_skw=laptop&itmmeta=01KZ4544Z2QNMMDFBE9CE9K2AJ&hash=item2240666f89:g:QiwAAeSwOtdpcm7e&itmprp=enc%3AAQALAAAAwGfYFPkwiKCW4ZNSs2u11xBhHJ0mZchfou%2BtAfYNe86%2FGuYWg09ieEvRj0z39QPXzgxgmwmWgYp8pS3oGcIr7ePYOj%2BIlBuE%2BzoUk0iXGeWVTcTdPXS%2FXi43ZXKV%2F4HX9e5iY8jegP02kbwSkzj5CVJqqMww7cKaNew4cav3e3b9Lpx%2B6DxvdMnsWLprQ3O%2FTS2SAC3J15mEPwKYwXlutLTzm6w6e0AgCdKqskbL41MnUg6Eaj1CdOX7f%2BdIVG9H5A%3D%3D%7Ctkp%3ABlBMUIbQkIX5Zw
Lenovo IdeaPad 3i Laptop 15.6 Touch Intel i5 12GB RAM 1.25TB storage Office 2024,$469.00,https://www.ebay.com/itm/117144887343?_skw=laptop&itmmeta=01KZ4544Z2S6CVPHX1WXMCQ3Q7&hash=item1b4661202f:g:cPoAAeSwppNp39Ig&itmprp=enc%3AAQALAAAAwGfYFPkwiKCW4ZNSs2u11xC53Rnz5SoFlINnM9%2B6pQHLJZkFJ3O27VEM3Q0e22jx%2BvfqBqepCR8wrcQs%2FSrqiALndJohGg4kRxejeIenCc6YORrfEnQX1pkXEUE2s%2F4NQ7MEKJ5zzeATSar0JRADg5YTNZO%2B7akX4hpitdyEF2p%2F7rVt%2BvzwpET3CQqwy%2FWtXSuk1ACZ%2B63xqKT%2FzRNtUDBlbL6NoX%2B6zk6jtoGLCtt%2B%2B0qOYoaa2UiKxftze54udQ%3D%3D%7Ctkp%3ABlBMUIbQkIX5Zw
2026 HP 15 Laptop AMD Ryzen 7 7730U 12GB RAM & 256GB SSD Office 2024 Touchscreen,$499.00,https://www.ebay.com/itm/117034280265?_skw=laptop&itmmeta=01KZ4544Z2AA1CMY5A04F4WZB2&hash=item1b3fc96549:g:1ToAAeSw0eVpjj-v&itmprp=enc%3AAQALAAAAwGfYFPkwiKCW4ZNSs2u11xC7QIZ%2BdErrDYi0clX%2FCefgbRGpK6z0NEtDnmkGlt%2Fb1H2lzdMDLV6Vzm2rvMMb%2Fd%2BWTONip%2FMjwqAexFB7Wmi5Gi%2BjJNq1O8MiCNz2t3mEQjG5mMumsTHOD2%2FfljVzS43uOQe8JflscEESK5nEr3SARCGTh5vOKzNSQmNMd3dIpaaA00P8xFyYMEEBywYuthm7KogZdS4lXVZ58ydyhaDWzCKknnWEJZbV7haUa%2F06GA%3D%3D%7Ctkp%3ABlBMUIbQkIX5Zw
CHUWI FreeBook 13.5'' Touchscreen Laptop – Intel N5100 360° Win 11 PC 12G 512G,$218.99,https://www.ebay.com/itm/167715249375?_skw=laptop&itmmeta=01KZ4544Z2FYHJVYRQS1TTQWHZ&hash=item270c9b9cdf:g:TpwAAeSwit1onTZH&itmprp=enc%3AAQALAAAA4GfYFPkwiKCW4ZNSs2u11xCR%2BZ5mPQiwL4x38Ay8vN82zlRVjzmN2%2BhffmQzVz6fmrA8miWv11zXCwWlpHhN%2B6%2BC6uwtqM1vpHdb4kVG0f5ysJTME%2BIvgeUO3NNF%2BoMerNn23asSrtCH7yvIL%2BkJBISmf%2FnBylv7AZVXK2UTWl6qsDbprGboUAQP2t6uR5T12DKlHiTTj%2B%2F9q8I1XHgBlQVdDqik%2Fs6IREbO%2F43TJ6FqWV%2BS4D4NRdnyRTHe%2ByDM7%2BSYuBln3Ch10Y08iJcrpJ5bBlFhwrq7lJnepZUKKAfd%7Ctkp%3ABFBMhtCQhfln
"TOUGHBOOK Rugged Getac 14"" Laptop Core i5 16GB RAM 1TB SSD Laptop TOUGHBOOK HDMI",$310.10,https://www.ebay.com/itm/116280997807?_skw=laptop&itmmeta=01KZ4544WPTDV0TZWTEK54BCGQ&hash=item1b12e337af:g:eTYAAOSwA7hn8AHR&itmprp=enc%3AAQALAAAA4GfYFPkwiKCW4ZNSs2u11xDZsOLVERrNfkexxioG%2Bvwar6etv%2BvR97uDJnuqIdqy1ATsVTMvT2voZEWuUAkWbpSqOugjsdxGA7QF8F1NkarMl%2FBgYwPV38jEt7p6ucArQy9I3zfnz6u%2FGHGW6NHNPb%2Bzyd%2BJvm897GGJSw17lYqH1f9cXkrZyYm0tti4mwDjiy6s10SU9rL62B2tCkig4tksN8drhIVVeCIhqSFcgLzgPSAsVst7MB6mzxHW9p4AIDdkOmMdxoRahCDONgvEBck%2BkjKvtfVLsgW07XzjUwrK%7Ctkp%3ABk9SR_rOkIX5Zw
Panasonic let's note CF-SV7RDCVS Intel Core i5 8350U 1.7GHz RAM 8GB SSD 256GB,$170.00,https://www.ebay.com/itm/358700758179?_skw=laptop&itmmeta=01KZ4544WPK6VBXWA7AQYT89D1&hash=item53843b34a3:g:HEIAAeSw5-9p~GbJ&itmprp=enc%3AAQALAAAAwGfYFPkwiKCW4ZNSs2u11xA6OoIzAOebmPuMOa3UxenY5H2qT0sqzUV7pDYz7SlvGv77%2BgLgnItXAidNLlgXHo7spLsQSmcfhaugXYAdBTh0%2BJtXZH6EsAK%2FOuTXIO8BTPapkarA07jVu1XO0FLyvThGJ0WzhB8sG86vgRZgFrpH4E83udrk8IguViwhWL5JZSOB07QPFq2l%2Fa2a2CcVNSZ6JeZGfF05Fyb%2BrzvFWrCHmZLWaopV60LF1vajH%2FwnYg%3D%3D%7Ctkp%3ABk9SR_rOkIX5Zw
Panasonic Let's Note SV9 CF-SV9 i5 8GB SSD 256G Windows 11 Used Japan,$169.99,https://www.ebay.com/itm/376384483102?_skw=laptop&epid=19084404639&itmmeta=01KZ4544WP8BPNPRJEPDHA99VS&hash=item57a2436f1e:g:gOsAAOSwAdlnTlfw&itmprp=enc%3AAQALAAAAwGfYFPkwiKCW4ZNSs2u11xALKN6v3ee6g06FqA%2Bfq6WAxCMKkIq6e7CsS6C2Nlnlsk2itr3JBudMLoIhVvGvpSNqMgEXnxAAF2GFSUR7oNkL2HXxOQLH7R0iVTsqqFERuHnftSyA20SXZeUcWd91H%2ByJqKgDlUyK1hgD3jAWFuhE4S%2BkxodDhrbhUTzPjxFJzlFRac5C6UvUk5gm4gBX07eyFgd9tUX0tj7RWK0KVQ247HIWyYPcPBcoNFckq9w59w%3D%3D%7Ctkp%3ABk9SR_rOkIX5Zw
"Lenovo ThinkPad T460s INTEL i5 6300U 14""FHD TOUCHSCREEN 8GB RAM 256SSD DE-BACKLIT",$178.67,https://www.ebay.com/itm/407091055968?_skw=laptop&itmmeta=01KZ4544WQH7YYMG88TBADVDDX&hash=item5ec8848d60:g:YB4AAOSwy6NgR6FB&itmprp=enc%3AAQALAAAA4GfYFPkwiKCW4ZNSs2u11xC7uue8jTNyQnFz3WHnzqIwgyqnrdCz6VvyV%2FpcjL6Vt5MmG56KAGnfsI%2FsdNdkfUMk5NKYv7IGpaz9WatLVgZuWxpwIgon4CS0H4JoupWzmS0mSnYuceztG%2BsmE64g7RWBGt%2B8u9oFdRvBBQ5qxTMJuXcgj60Eg6bk2zQJfFnhemV6%2Bma7Kc%2B9AP1cYDNF0DkHixNK3ccZk%2FqDdIVNhmkUoO6GvveZjbw4NJxaYBpK4hJL%2BtxoyGdlCXwFUi0eYcx%2FT2B80UHRpsYIQcKDWuyG%7Ctkp%3ABk9SR_rOkIX5Zw
HP Elitebook 840 G7 i7-10510U 1.8GHz 16 GB RAM 512 GB SSD Laptop,$249.99,https://www.ebay.com/itm/306650664029?_skw=laptop&itmmeta=01KZ4544WQDCRADQM8HV337DPW&hash=item4765cdcc5d:g:g7MAAeSwPYppOL9j&itmprp=enc%3AAQALAAAAwGfYFPkwiKCW4ZNSs2u11xBlCz0M2%2Bqe1QW8N2qHFliYd2aq1wFcXQ1D7w3XOijcAh34j%2FBtk5AAhceGi9tS2kKp5U5uQh9ztDJrGdsZtOV9EwfXpdPtJUMUi3U55xoxcSMSi%2FvgDnU%2BJtTXZMGqlgFZaWpuN37KgshElgZm0XuW3FFXj%2FVaFE6Jb1auPd9oP9HhNXx0cfh1t3Ut%2FQI3v%2B48pQO%2FYX%2FlAlOBlDTmG30WzM%2BvHdiF0jGZymIWFzE5lA%3D%3D%7Ctkp%3ABk9SR_rOkIX5Zw
"Microsoft Surface Laptop 4, 13.5"" AMD Ryzen 5, 8GB RAM, 256GB SSD, Windows 11",$256.16,https://www.ebay.com/itm/307017827768?_skw=laptop&itmmeta=01KZ4544WQZHD0JW8JF55W8RR9&hash=item477bb045b8:g:bS8AAeSwlQtqNTGa&itmprp=enc%3AAQALAAAA4GfYFPkwiKCW4ZNSs2u11xA6UGPIZT9%2B1TVVCSHT7JDsp41PeGZwVjJ7fome71M%2Fbo97o4zFdWtGPDOgcwLYmB1gIJ0DeIjasXZ6DVWeM7FrFkrEz7kvB%2FZoO4e2HSy5nA4BBGR4xrDVD2MmHbpfvu7swS1qUaJgOIpeuzq1ZRfr%2FXOEHSL6mtAO7mgSeePuq7Ldqhg8teuihFxSiN2d0NfAczq1V0TPb%2BpzquFGxPMR9V%2F3tnZSmfPTb60GXRyUn4KDzFG1%2B2KTxlgSogUR9PdKuL%2Ffp2SrOJ83mR7aznbw%7Ctkp%3ABk9SR_rOkIX5Zw
Panasonic Let's note CF SV9 Core i5-10310U RAM 8GB SSD 256GB Win 11 Pro DVD,$259.00,https://www.ebay.com/itm/376552949876?_skw=laptop&epid=22073682031&itmmeta=01KZ4544WQ6808GSPKAYXGWSSB&hash=item57ac4e0874:g:yAQAAeSwJCZoyK-M&itmprp=enc%3AAQALAAAA4GfYFPkwiKCW4ZNSs2u11xBj2E2QSIIQmCz8m%2Fd3bc9LY8kN4RCLfEgBQd9FyxVOYPy7Xw0ejdsnxqhAx3oSxtaE6YX3u1dlyePOGz2oh7MCwOZyJIZO1isfdo3uIrGGl54mH%2FhEBDJBkI4EQjRXHoGRIR7tMtFjLjRD4P%2FbcTC%2ByWhfT1UtBtOVcT5n4Pf99BWcash76X03j%2FgibWwWdmNz6L4YZKS9g2TbA5zwIwsut%2FzLd5g8enli0zvgOovqQ7MXlqDb1MRzDxpbzxcCAkhipSXf0pI3kIelLKLywsHO%7Ctkp%3ABk9SR_rOkIX5Zw
"Dell Latitude 14"" Vintage Laptop Intel CPU 2GB RAM 80GB HDD Windows XP WiFi -RR",$195.00,https://www.ebay.com/itm/326719022024?_skw=laptop&itmmeta=01KZ4544WQVTCQXZYG0MC9AQEC&hash=item4c11f8a3c8:g:xykAAOSwnflnv1nL&itmprp=enc%3AAQALAAAAwGfYFPkwiKCW4ZNSs2u11xATSjVIJi41hPnmTixF4gzCfievO82h1SW%2F5o0oTZZmeTQKOrA20jxlZBG%2BCg8NyG3I0IqSLBK59L5yaCzrDJAotDbDwZmWddK3KIBEn9QCCbaqweVN2u2lIvo2nLIW2Y%2BdmH856KS%2F06JYVIsCFrMYSuKlZom8tbOuxskUGnt3uqgonM8v5%2BU7Jz6s0hgPJQwaTxX%2FsoZ0iQCJX5pJki7l7bmCp9R7DUGGyKX%2F%2BPONAw%3D%3D%7Ctkp%3ABk9SR_rOkIX5Zw
"2026 HP Laptop Computer 14"" 8-Core Intel i3 Up to 32GB RAM & 2TB SSD Pro Office",$399.00,https://www.ebay.com/itm/127628120152?_skw=laptop&itmmeta=01KZ4544WQY2D0HB9TMGMN6Y0C&hash=item1db73a9058:g:VtYAAOSw4Bhn0c4j&itmprp=enc%3AAQALAAAAwGfYFPkwiKCW4ZNSs2u11xAXb1LzETbUKZv15L%2BgjZQ%2Fz6V5aLPLMY6TfqHHbT8CIWjKqvyyoNIWIEZZps%2BXCBDv6mcmZgsyHSJRALM26c4vrT24iquaLrFCl6GjEvV5laG4o6QlNoCv4nw7Lmo2Ixq8AUvWSeAdmto0J%2FzcRSeUJzjvddIKQ78HxD5EBv%2FXQ4JHamOSg96Dwz3wYhAf9964OW4ITz2lNR%2BKqb3VfvNY2ThwKjZPHrF1AxXc6%2FFijg%3D%3D%7Ctkp%3ABlBMUPrOkIX5Zw
Dell Precision 5490 Core Ultra 7 32GB RTX ProSupport PLUS Warranty Til 7/2030,$999.99,https://www.ebay.com/itm/366435886759?_skw=laptop&itmmeta=01KZ4544WQ2TAEWJAV05BYA0A3&hash=item555147e6a7:g:drAAAeSwZPJqFfYZ&itmprp=enc%3AAQALAAAAwGfYFPkwiKCW4ZNSs2u11xCfPG6JBgO6KP7NDEbvSS5TlpVNC0Oxf1JQgylIkAkTZF%2FF6bjp0I7OL6BgJ5wwmoptNP4BJ0zQgBh7x5%2B7hi7iMybQPDrHqlBKxdk1KLcyY%2B8oQsMUdJFOMWvQ29JY41UMEW%2Fe0MaoZpHz9AXboT6xX9s5Wm2k7z%2FtjBM5JHsVsEbx4HnfqN2C61lB4FEBpyez3oUQldPdWQ1HahCYGqcCTxmNxtwqSZ0CdwNKykPwAQ%3D%3D%7Ctkp%3ABlBMUPrOkIX5Zw
2026 ASUS Laptop Vivobook 16 10-Core Intel i7 Up to 32GB RAM 2TB SSD Office 2024,$679.00,https://www.ebay.com/itm/117044355624?_skw=laptop&itmmeta=01KZ4544WQFW00QHRKC5ACWB33&hash=item1b40632228:g:0nQAAeSwmUppndOg&itmprp=enc%3AAQALAAAAwGfYFPkwiKCW4ZNSs2u11xDJhrB13xZutY0eH5jJFsXi3NVWZhvn0qQiqf2Z7ygwbbSoyx%2Bcb8oxYUFpLRn0UZf0amDZHFWlv5etrhqQRbtMsZ89I4gksvk%2BWX0%2Fa3ZW2tdP%2B3QuP9r8hMypESA1DrrHwMA2HqIEhYUqj7bMvoHnDqFBJoleDNKv0vMtUyZxIjxrtP8kt379Ahr1hBZaMB5zaKG0ssvl8QVHnRbqS%2B1YtGYSz4eyvZv8wk1D64JpUw%3D%3D%7Ctkp%3ABlBMUPrOkIX5Zw
"Dell Latitude 14"" Laptop Computer Intel i5 Up To 32GB RAM 1TB SSD Windows 11 Pro",$224.17,https://www.ebay.com/itm/286601719329?_skw=laptop&itmmeta=01KZ4544WQZEV4H0W06CK1MGMA&hash=item42bacb2e21:g:9MoAAeSwmHdpckMj&itmprp=enc%3AAQALAAAAwGfYFPkwiKCW4ZNSs2u11xAu0o6XfIGBoSCfACM66%2BgeEaS9J0wDQhHCtgju6M%2BgRRZzWqgeO5%2Bdf5MRUHg9cuY4ZpbbE%2FRlkEg6MrXAaDfizD1VjSoUGMAsQslZHKaOAv4a5txMSYbMTTWLfrsVsvWwDviwi4JJLS5fXheoOLA97ewYiKYXWRhh7TIPfWoKIvpsT4KBrD8F82WG8OlDWTCTsuskVwrXdVN%2B5SRVyYZtyKoAYtEcbdiXL4xVT2cVTQ%3D%3D%7Ctkp%3ABlBMUPrOkIX5Zw
"Acer TravelMate Spin B3 2-in-1 11.6"" Touch N5030 8GB RAM 256G SSD Win 11 Pro - C",$99.99,https://www.ebay.com/itm/206014086324?_skw=laptop&itmmeta=01KZ4544WQGTEPM0TKQ6NYB8Z1&hash=item2ff7657cb4:g:46YAAeSwrptqY~N3&itmprp=enc%3AAQALAAAA4GfYFPkwiKCW4ZNSs2u11xAU7t7kV3ET6nFQlBxqAA7luXE5ZYSBowsqCzEbuaLM5dQTfyWiSVPf7uGMV0tY7jMZzDyKynPP%2B48jXr2O55abW7WICAvvI%2F5M04GNVak8lPktKOTeFJGgkoPxGbUQjDnBTwczF9PFG8RrKpYf5Bi9TF8bnxXvfkUfMvAnDGqlMu8iKr9yZiBB5xUIb3ljasOZjrGCUr6CQnoc1%2FM9xVmfn0HwHHQXnR5N40xtqTxx4BwkC5%2FkcYcUxO8MGKTw2g6o0gSSKDU47dpy%2BXAyBXMh%7Ctkp%3ABk9SR_rOkIX5Zw
Panasonic Let's note CF-SV7 Intel Core i5-8350U SSD 256GB RAM 8GB Windows 11,$219.00,https://www.ebay.com/itm/135312668830?_skw=laptop&epid=18078562193&itmmeta=01KZ4544WQC0J52HHNJSQJ4ZMK&hash=item1f8143789e:g:dx4AAeSws-Fom17m&itmprp=enc%3AAQALAAAA4GfYFPkwiKCW4ZNSs2u11xBX6jhEqG%2BXxGcQTd%2FlrdB3bggEEtz3GRgJa1cvZ9eWhlWzN619yQY%2FVD9KlXCW9pNMa0HWWJgpK%2Bre2uOO9D1j2i%2BRqd2eaAm5nb2J2rBVyeQ5tJ3kFreH%2FQoWQqf32W1DhPvs3VMwNviPnm%2FY%2FMno5oy1Fm9fT%2F%2BddTSW%2FB47r1uy1bQsuRi0CHgYmTgeu6lT50OjE6lnPlvHX%2BSjGAhfCKQg5%2B%2B3tx0%2F1tyxgcGfKMCf1pZa0V4k3sLOmxf2CY%2BfAN81aRUcX%2BSgj8f%2FN8kD%7Ctkp%3ABk9SR_rOkIX5Zw
Dell Latitude 5420 Laptop Intel Core i5 11th Gen 16GB RAM 256GB SSD Bad Battery,$188.75,https://www.ebay.com/itm/327217979964?_skw=laptop&itmmeta=01KZ4544WQ4P4616HSY1F94WKW&hash=item4c2fb6223c:g:MpIAAeSws9Zpun37&itmprp=enc%3AAQALAAAA4GfYFPkwiKCW4ZNSs2u11xD1SOFZJ%2BUismQpFu%2F9%2BtajbIiZfl5vJpZf2bEni8cFwTBZNUqb5osHiH4LkdQURmp%2BHy%2FFrB0NvvDJrOj18bswN93gL%2BFFbh5d3vUU9Cs0xhIV3wJlTZv8kJH5bR8pkbpQKhguT9sMFvNxTioGbh5kh5076GwiylWgMzAxaopzQ3qUZBAZMlMaG%2BkpOln0XiYkQ8nmwvdsVg237dfyVlLW9LG5P95r7z5IDuNNvkqhy1HPSdOG9jl0KXQJcb5ttO59dono9H3ez53qeTN%2FoU2O%7Ctkp%3ABk9SR_rOkIX5Zw
HP elitebook 830 G5 | Intel i5-8250U | 12GB RAM | 256GB M.2 SSD | Win 11 Pro,$195.90,https://www.ebay.com/itm/358580514800?_skw=laptop&itmmeta=01KZ4544WQ65KJCRPDQ578NX0X&hash=item537d106ff0:g:xdwAAeSwCB9qDq1H&itmprp=enc%3AAQALAAAAwGfYFPkwiKCW4ZNSs2u11xAIMveDuaARvRE4nFKJMRqwqbr5dsUCtcFAShWxk2XAKmkafi1tLoUwVQaV5uHylMLmneR61AA6lf1zcTYRHh1EWkZmq1brt8KI81R%2FcR5GP63bFEiCla5yMcoHk2f1s8o5XWCi5djCZigU6rg9aJglVRZENfmMR8i0LyrfuD6B6WqPgy0nPPGX2e4I67bx96fNiGAEi1Aj9%2BwpqeZweBnyP0I1mvQHR7s5K3kIMleN3A%3D%3D%7Ctkp%3ABk9SR_zOkIX5Zw
"PANASONIC TOUGHBOOK CF-D1 MK3 | 13.3"" TOUCH i5-6300U 2.40GHZ 8GB 500GB WIN10",$172.51,https://www.ebay.com/itm/127681451995?_skw=laptop&itmmeta=01KZ4544WQMNJ759CYRD1GVVBD&hash=item1dba6857db:g:IAcAAeSwuGtpjl6C&itmprp=enc%3AAQALAAAAwGfYFPkwiKCW4ZNSs2u11xDN%2B%2Fd9zozs3%2B%2BahPIBhgZiCu4IIg4sy71DyqBQcxW%2F4J1Sjdy5rNkuYSvsfS%2FTBuNe8I2KsQrr8f8eKel6XW%2BLld26o1HppPx0zVCxSQ4Mng%2Fort6OS2GoYOFzshIlf0PZOgzNwqAS1wapv01umLV0vCpF8a4ky0beVT6mTON7ktThWyX5MNJZ3gwv3EPJQoVMp3azHxVMXvOeaUEkjxGVWj6ql4TvVfjTRGOeBQba%2Bw%3D%3D%7Ctkp%3ABk9SR_zOkIX5Zw
"Dell Wyse 5470 Laptop Mobile ThinClient 14"" Display Intel Celeron Full HD QWERTZ",$63.39,https://www.ebay.com/itm/236478371968?_skw=laptop&itmmeta=01KZ4544WQDXA42JNR1W2Z4X4S&hash=item370f359880:g:LIcAAeSwc7ZpH2jx&itmprp=enc%3AAQALAAAAwGfYFPkwiKCW4ZNSs2u11xAfgoAWblj1pzumvmOaOY94eloY6lc75ZIYP2U%2F4c425STolahmRUHPufsT%2BMrV6k7jeiLff672CIk%2Fu4ypG7mXrkJn0zApo%2B5vnuYMlbxDTpNUp7nK88IUjh2gBhs2in11PlvYqqOtgjD5TpBNxfHKHuc1cmzm7qZxT6za7ujTxcwpUVIXfZyd3E3msmQCg9ZVi9u09P29euwRdG9tG4F%2BYrVRjT5HgpY%2BvGEuekUCcg%3D%3D%7Ctkp%3ABk9SR_zOkIX5Zw
"Dell Latitude 5520 15.6"" FHD Touchscreen i5 11th Gen Laptop | NVMe SSD | Win 11",$299.99,https://www.ebay.com/itm/336517068098?_skw=laptop&itmmeta=01KZ4544WQ8SFQ91YZ6HJRKS12&hash=item4e59faf542:g:~n4AAeSwxEBpXWER&itmprp=enc%3AAQALAAAAwGfYFPkwiKCW4ZNSs2u11xCnJjGhXM91tmlKTY69z1MfFFFFaXW%2F62YxjPc6tIV6aqkxk%2FNWcukQUH8Xkd%2FR3RBHshIEcc7c0Uh4JR0YrNyVmSQO%2FBnmK67Fr5rbzAy6O8D9pE%2F5kSA0nfncybAh5pHBXyLKTIscihxiYFBxcEv8VR0PHl%2FYdIhvLGiutQvMcQgmLyx01BJN6XOXkjrEy2Izj0ps6TKZOEU6zN5cJakNXsVXDrZA862wRbo2c9S8PA%3D%3D%7Ctkp%3ABlBMUPzOkIX5Zw
HP EliteBook 830 G6 Business Laptop 13.3” Core i7 16GB RAM 256GB SSD Win 11 Pro,$269.99,https://www.ebay.com/itm/256752971411?_skw=laptop&itmmeta=01KZ4544WQBJQJ3HA9BP5X9C48&hash=item3bc7ab6e93:g:-AYAAeSwDTBqbUWI&itmprp=enc%3AAQALAAAAwGfYFPkwiKCW4ZNSs2u11xDfeeGFBzfOOl%2BkL3yypiLVZo4d2TEOPBpIa4lv8T5wWzITWGgXo5bwYv1EUnj0MlUjpUg2msx8pjPYkCwLN2kKZJQprmAWrnNhgQ3UAg3mHBoP4OhjAh3DUWQ67cewhymX51YQac5FYRCfeY1ojLRCtSO2zbKQ1hzHg%2FMINoFUJsB5NSoly3Doy14smiNPPcleZW7UPPKIpn7qkI%2Fodq%2BsaYhLRyU9pwaAeLEhszp%2FEw%3D%3D%7Ctkp%3ABlBMUPzOkIX5Zw
Panasonic Toughbook CF-20 Mk 2 i5-7Y57 8GB RAM 256GB 4G LTE 2 BAT 7th Gen GPS,$330.33,https://www.ebay.com/itm/358766233664?_skw=laptop&itmmeta=01KZ4544WQ3HREFN20RXSH7YSM&hash=item5388224840:g:ypQAAeSwjSpp0OF6&itmprp=enc%3AAQALAAAA4GfYFPkwiKCW4ZNSs2u11xBLZ%2Bs634HTOmJFlvpSdi%2BIm8b74A89czohOKkcqAwtB4ItvKjggvqyX9E99zn%2BHWLyUcK4NHuNLKEV7rspULGR0srwQUreBSRdou%2BD2HBPft9t0zCHS5rXiUw2eKZZ%2B4zCKr12u4uTufhFb5l4UCDw3pWjuk2TutnSbsn1DKSEXRSucex6rjzxx2yzDPtT%2Bu2pQtsrcnvCD6%2Bga5Mk8mM7deNgzzQh6EDwq7ZyYtS2awY5LSzcqci%2Fmxr34xxSUC0zt5iBpgfrwfzL8M80Kcu8%7Ctkp%3ABk9SR_zOkIX5Zw
Panasonic CF-SV7 CF-SV7 Let's note Intel Core i5 SSD 256GB 8GB Windows11 AC,$159.98,https://www.ebay.com/itm/376035866644?_skw=laptop&itmmeta=01KZ4544WQG4AJR5K576BSV7Y7&hash=item578d7bf814:g:0xAAAOSwru9nd5pF&itmprp=enc%3AAQALAAAA4GfYFPkwiKCW4ZNSs2u11xCi%2BtoBx56%2FVZKFusZlvgIE307iQRaNd7C%2BHKmhPAs1uJ2umijdZTsWaW7io1CLmC%2BPpacKsFtG6F3sTYqwOP%2BgU5XshzSqqXneekvYNuR8nrRDoksuQqDoHPS2E3qTGw3GEzZQfOQqG905AQCwDBE3er3kf8o%2FLKCdTH4wyLpCvtulckVgDNn28vDN%2BPEQCZ%2Ba%2BeEyMzc%2Fen2JT96Z0FUrqAFb6e%2BnpZvJ1mnrcH74umikVGFziGnQcTWM1ca6dtVfc8Q9Eg7G5HKz5OrmhzOK%7Ctkp%3ABk9SR_zOkIX5Zw
NEW LISTINGDell Latitude 7420 Laptop | i51145G7 | 16GB RAM | 256GB M.2 SSD | Win11 Pro,$288.12,https://www.ebay.com/itm/358878793804?_skw=laptop&itmmeta=01KZ4544WQ2KHYWMHYVW2WRXAB&hash=item538ed7d04c:g:VXUAAeSwOh5pzNNI&itmprp=enc%3AAQALAAAA4GfYFPkwiKCW4ZNSs2u11xClXkn8Wi6Aa2qIHEooJXHHgUrteO6we7yd%2BXe4SjTWmuBlv6gswLJOHiJovgZWxRfUZD%2BLWvnTDu%2BpR3b309FxwszR56FJ2BTkiDPk2AxjpeujQrOy9u9QAA3k2ykRbGyYOwKV7bFqHgXwy0iHIjA5jwCGgwfvBTa%2B%2FhcppUY99%2BW9tRFaVU%2BSiqh3a%2BNO6MsZ7ZbStMAJR25KizBs%2BVt0kUzXR810d4ThtPnkcz4vQhqnmyS5QUeMj%2Blqc%2BXU8GuPdAM1O99qA%2FYAV4GqBBMa%7Ctkp%3ABk9SR_zOkIX5Zw
New Microsoft Surface Laptop SE Celeron N4120 128GB SSD 8GB RAM Laptop,$149.99,https://www.ebay.com/itm/286708358131?_skw=laptop&itmmeta=01KZ4544WQ3VKJ4AVMZTWA2SFP&hash=item42c1265bf3:g:woMAAeSwXhRodlOg&itmprp=enc%3AAQALAAAA4GfYFPkwiKCW4ZNSs2u11xDSbh3TQjORqcN4n%2FdqVfxQ5NAJIb0lSdtX9jNDhKblGPZQciSGutqjtdh222pqXthWKMAsbZiFpg%2BeNjhtQPn7MVajhFaPQGySNaKWrI4ORY%2FyQrlkKHxj8PT2ezOvrzA7aSbfp1etHZKs35EuC0vp%2BsFEq%2B%2F6qKnh1sjNlXS0KH3hDYPvyuBHKOQP4PQxJjD1SzlS9L087N9Po68ItYbu%2BZMkKCuvAAc8weR8kVGs%2B59YwepF5va7jpf0q4QLS%2FKG%2BQsWUnPNdRp85EyJdyyf%7Ctkp%3ABk9SR_zOkIX5Zw
NEW LISTINGlenovo thinkpad x61s with original extra battery L7500 4gb ram,$250.00,https://www.ebay.com/itm/407116816102?_skw=laptop&itmmeta=01KZ4544WRCBBMPRRBG2QAPRRE&hash=item5eca0d9ee6:g:0kAAAeSw1bNqcI7n&itmprp=enc%3AAQALAAAAwGfYFPkwiKCW4ZNSs2u11xAoe052ehcuAcJKcHAO%2Ba%2FOaf7r4vmN2u7bSIaSxc5t%2F74xu%2FJFyD1KNwLBBSZZrGe8xnG14T34y2V5dFtS5iEssLFfraR3QTQy%2B3WWdG%2FvfvmZaYH8Tdl7S5Hvr4e5eoGz1Cj1uA02UHpa1bZSbsjRRhdVh%2BCh9cz6SXN0cNXuil4VqEpxmAXzzKr9WpKtdjdFft0Y45faurvKTQ1r4Fa7zUxs8ZypEQohG01n1f3wqQ%3D%3D%7Ctkp%3ABk9SR_zOkIX5Zw
"Dell Latitude 7220 Rugged Extreme // i5-8365U, 16GB RAM, 512GB SSD",$632.83,https://www.ebay.com/itm/278104664046?_skw=laptop&itmmeta=01KZ4544WR3ZFJAZ79DKHHBDZQ&hash=item40c05467ee:g:h8UAAeSwOk1qaHQu&itmprp=enc%3AAQALAAAAwGfYFPkwiKCW4ZNSs2u11xB97H3Kny1Za0vZ56Izu49R7Ur5LusUXltMnLt5rYhZw3av3WL7SrfBHbaI%2B7kYdzuOWHWM9urRKZsqyIr%2FYNKpb0gbrd%2Bfb8mL66AHp3bW%2FRsWPIr54KfcPfyopksTYGkCpgh6WybneYiDmGFOfGsFQNu4uhBGeTLOZpVrwMQn9bFXcdaU%2FcKFcBMAXYKBbgyPjk6y3qpYzAfxqXpiX%2FQfXcoDq9TylZEKotaZrLYzNg%3D%3D%7Ctkp%3ABk9SR_zOkIX5Zw
"HP EliteBook 840 G8 Laptop 14"" Dispenser Screen Display Battery Keyboard Case OK",$37.92,https://www.ebay.com/itm/206459396097?_skw=laptop&itmmeta=01KZ4544WRPD0MPNPA6VHPZTDQ&hash=item3011f06001:g:jb4AAeSwa3tqUN1m&itmprp=enc%3AAQALAAAA4GfYFPkwiKCW4ZNSs2u11xDateJ0iXlX084CcsaaH6Zsatia0gk3K%2FHSd5bYUY%2FmdCOhWDG6YVRUINaRfbAGwQ%2Fjavh3BVwSn3DMJj9%2F1PqKRk27Fm1lQ7HolhZRSij9xpy9AYJILyJu99lcgTQTm8JNwhG%2FJ%2FL%2Fx6bPyodPOcNT3u3SOVBRYgJtJBYaeYLb%2F4MgysbkIR6WwX994DgEQCtMtLj1gDezv5%2FOiorZCF5nWRqi%2FmTGmSs%2Fn1tKEmvOruzTOC091XETfOcrK01FzrCoeh4uIfCxfYti1u5kSouE%7Ctkp%3ABk9SR_zOkIX5Zw
"HP EliteBook 8760w Mobile Workstation 17.3"" i5 16GB 1TB SSD Windows 11 Pro",$253.59,https://www.ebay.com/itm/206258629416?_skw=laptop&itmmeta=01KZ4544WRMKAZ45VF1ZWV7JFV&hash=item3005f8eb28:g:DqsAAeSwnUZp~J6T&itmprp=enc%3AAQALAAAAwGfYFPkwiKCW4ZNSs2u11xDkyc069yjSsdZ19FD9Futf7Dohtl%2F16jSYaqE8hk8j70rLQUFkb9vGrcuD4jIbmCV9NJCG8KF36uNFEN0s42DRRfv4L5nZt7nPK1ZuflSgw0q8X8OBq3r2MBXBeVOgVqtmSqYbVXhqH5VLRSsZ3XthaBxYAE6P4qC6BatdfDnTOqW2iQHuzftlEoPy9qcnfXTF5%2FpyG3X7qoEzsVCSfb9QnQ648FQsf03ylJir4YAvzQ%3D%3D%7Ctkp%3ABk9SR_7OkIX5Zw
"HP mt21 Mobile Thin Client 14"" HD Celeron 3867U 4GB DDR4 128GB SSD No OS",$84.03,https://www.ebay.com/itm/206316262521?_skw=laptop&itmmeta=01KZ4544WRT3H2WM1ARBVT6M2V&hash=item3009685479:g:0fkAAeSwKXZqHp6Q&itmprp=enc%3AAQALAAAAwGfYFPkwiKCW4ZNSs2u11xAnWDUqYJWM%2F%2B%2FD4qC9PHA9QgBiFTlETdPCovGrjW9h61R4B84rUULqF7c08cUmx3h%2Fp77NzXWCHOXGXQeKYhT0921IUvhY5sf7qa7BuI3H1cNTH%2B2pIqQI9klvHIEnI2j5GuVCx3AgP3YPCuWOQudXNBQOisiHpVazyHj5cIbPjIKlHwq%2F0BlluvtEQmXy4lSyOtzI9zi5lREjM7XuwOPzeL8kIWdwMYTYqFXt%2Bnnqng%3D%3D%7Ctkp%3ABk9SR_7OkIX5Zw
"HP EliteBook 850 G8 15.6"" i5-1145G7 16 DDR4 512GB SSD Win11 Pro TouchID Very Good",$460.96,https://www.ebay.com/itm/206447601486?_skw=laptop&itmmeta=01KZ4544WRW80RGBRFFJQ4NB8X&hash=item30113c674e:g:SU4AAeSwuzZqaIKB&itmprp=enc%3AAQALAAAAwGfYFPkwiKCW4ZNSs2u11xBHthTXNq3%2BeI4IisRRISqLIYEWko6aH9QZLZXe4Y0VJXi7Zx5kZJo%2F%2Bm9Kf6yjPEQp1bjPvvwl2sIhggHsPC4eX8m%2BCEH2kPaWfZA%2FNcfFaTklUAsbcyg0I13%2BBNMxaTpqjhHyg64md7Tmm5T%2B9YoUuAlRBCOn7NS9EixkS%2F3F9IO91nWp8W8drc2bkhDpZ2SIOl6he7wqaXTbdsN3eY3YSW%2FY2%2FiLui9nZ2cQ4ww08g%3D%3D%7Ctkp%3ABk9SR_7OkIX5Zw
HP EliteBook 840 G8 14'' FHD 1080p W11 Pro i7-11th 3.0GHz 16gb RAM 256gb SSD,$280.00,https://www.ebay.com/itm/257387873127?_skw=laptop&itmmeta=01KZ4544WR464MN25GR2MSP9ZC&hash=item3bed834367:g:3h8AAeSwD-5ppcI9&itmprp=enc%3AAQALAAAAwGfYFPkwiKCW4ZNSs2u11xAM3QwBqCWDNbH6wE9MC5OIUCOJkx3NZ9WF3PvISBfiJTzjeH2N1wRZc1cwSbgQQuqGzukh4tscmvLH9tBEtTyfHIHfNQVRd%2FyGPuzmGs39MwELPnw6y01Z3reLA0cV17HbjbrLk3mDwUslCRYCK%2B0JOXsn7pmiHuBf%2FXXDlrAs0jxx1lPZ1jFEuBNmvtjJVUJHYkFiw5J75ZQSIZaCzYHY92GFyZAX--a1TONcefmpvg%3D%3D%7Ctkp%3ABk9SR_7OkIX5Zw
Fujitsu LifeBook E736 IntelCore i7-6th gen 256GB SSD 8/16GB RAM Win11 Pro LTE,$132.55,https://www.ebay.com/itm/236829463738?_skw=laptop&itmmeta=01KZ4544WR6C24YRNBFT6RQW4T&hash=item372422d4ba:g:je0AAeSwCy1qDxV0&itmprp=enc%3AAQALAAAAwGfYFPkwiKCW4ZNSs2u11xBB5obd9Ej%2Bnu%2FbgiqGdu8N7lfpSB97qcBsj4W7bvY5sOgJnNgiB3L3L9A21t7rvp6soG077UPMdlDc2TN07IJvgFTlZZt9xsQGKRL6jGVyUc06HbKmJ6EOFslSDR1FgYBw7pfUkqV7QrLdTK6FSarerl4hfgy43XmnTMEuamVZRjAhcdty84HjlN9IV8ys0TUQNSHfNjscj%2BUirci7AzXZSpetkpusMq7Vnb9%2FptH4Ng%3D%3D%7Ctkp%3ABk9SR_7OkIX5Zw
"Lenovo ThinkPad T580 15.6"" i5 8GB RAM 256GB SSD - Very Good",$261.65,https://www.ebay.com/itm/235809604600?_skw=laptop&itmmeta=01KZ4544WR5XV2Q0XKAQPY5FWW&hash=item36e75903f8:g:rfMAAOSwvz5nDkUs&itmprp=enc%3AAQALAAAAwGfYFPkwiKCW4ZNSs2u11xB1VBS5uzKX7jOvb7R3nZDI3IfEkZbwIl4OyJr3bT3aiwlLuYdV1jUIz1t%2Bi6qQH%2FPE0nOMy2lPg7lzu%2F%2BRB4RO%2BuEWFuiNslr6SPmPXQ0M%2Fsh6bNmomedn%2Fk0bs6txFFRnUi0ftbS9YAIZZykHkSudOje3ODBLo3x9Hr1GjCshy04Zry4nPJSF1c63HdWXQAdQ6ET8hUiXCsO0%2FnkWTxnRCcOW69Eqzl5xIdThCUFYkQ%3D%3D%7Ctkp%3ABk9SR_7OkIX5Zw
Panasonic Let’s Note CF-FV1 i5-1145G7 16GB 256GB Win11 Pro FHD 14 Used w/ AC,$339.99,https://www.ebay.com/itm/376389922120?_skw=laptop&itmmeta=01KZ4544WRBGV7XMWWTHH08EFN&hash=item57a2966d48:g:dcgAAeSw7PtpbC5n&itmprp=enc%3AAQALAAAA4GfYFPkwiKCW4ZNSs2u11xDDZoUbkXF2ImVYP%2BCUk5QFu3gL2Q3URQ5nkCIUzNv3%2BmYTJbd5YTBZufp4otweyWZOPworQ4tubhj8LkH9iJU5EKF1yVatQFq8T9gZUdcf5fIzrDK5lZOQ5OvMvSiiCz4dbJNjJOCgWQbtcP2%2FM8zdke7IqlAKru00niiO%2FTp%2F7gR%2FNq3BOz6wY%2BTZ6AHmZx1wkFuVg%2FfeWF3G8uUxFKbQ4R26pIswzRR6dQpUdqpgBMn4hn3xCpysxHOsFOki35BUJtv41Zwba2%2Fvt5jBBLAx%7Ctkp%3ABk9SR_7OkIX5Zw
"Panasonic ToughPad FZ-M1 MK3 I5 1.2GHz Win 10 8GB, 256GB Tablet LAN RJ45 4G GPS",$256.18,https://www.ebay.com/itm/358766229460?_skw=laptop&itmmeta=01KZ4544WRJXRZN4QCRBAJG9W7&hash=item53882237d4:g:jgsAAeSwHQVqQD2P&itmprp=enc%3AAQALAAAAwGfYFPkwiKCW4ZNSs2u11xCxH6JbZbygQBCKEfNA633hIbeLf8CTe61E%2BsZhKa%2FL7LCZMaOmhQH%2FR17em5StnaLQxS3H01S0un27aQhEQnQvDCXXJYnco9%2Bmxk3pyyY0wtt9XJiQs4ckmHa%2BlZMCwEUHpX6qCHTb3LCmvMWiB9f6P1y4%2FnxExEWArW5TJoyLq7JXNKn6SdF4%2BLAdlcdCLCBFFI%2F5vh2y8OpfK2s5Lp9ylqp7XoZECMB%2FWf7UUs23QQ%3D%3D%7Ctkp%3ABk9SR_7OkIX5Zw
"NEW LISTINGLenovo IdeaPad U330p - Intel Core i5, 8GB RAM, 256GB SSD, 13.3in",$103.74,https://www.ebay.com/itm/287500571965?_skw=laptop&itmmeta=01KZ4544WRG3W44QXX8EGDEQMY&hash=item42f05e953d:g:iZ4AAeSwDF1qcHDd&itmprp=enc%3AAQALAAAAwGfYFPkwiKCW4ZNSs2u11xB2mDUvHyVQv1N0Oxp82TVS9Qf7IAJX3N7WpPPkit7xbns7gu%2B0kmA8L2Ya0jmHKJEGuiRgAnevxQTHBV1%2BJesCyMHs2CzlLGC1hg5s0cUz%2BqA5imZ5gkHgJ8OUOXszo%2FQV1zGS2OE6nJieA3KeuyNPouKzQr0U887FD58Ll%2F9CsH8xCO36%2F6keB2iBXMm7dDYgP273KAOpSxSgrFIU2v4d3cjXtvBRWiEEpygJN4WfAg%3D%3D%7Ctkp%3ABk9SR_7OkIX5Zw
Panasonic Toughpad Toughbook FZ-G2 i5 16GB Win 11 Extended Battery IP 65 FZG2 G1,$552.79,https://www.ebay.com/itm/406992727467?_skw=laptop&itmmeta=01KZ4544WRGK20FTCRFPBA8FEK&hash=item5ec2a82dab:g:F5wAAeSwZOJqKpTu&itmprp=enc%3AAQALAAAA4GfYFPkwiKCW4ZNSs2u11xAfvnOAUJqkIIg43RySDLTmS5be03Ge4c2yWIfthTwBeuR6AypeKBl95vl3WESJrmGPc0AR1Y25Tbsy2H40m78MoZ5bAcrcQwPTOf5qmRG8D8%2BPXbhGMkMuejXHI9LgwJeIOOT3w304iR%2FDsYc0Dw7YziCRJgVnZb0O6PBFeLCFqo%2FmICcdT8EymgCnQ7fFEOTuSUErb0BLjMWBtPdzGCb4A%2FmZFg5iILzRU%2F9p162f0%2BbECXG55GIZxtOeSHSnKJlH1c9IY3Yf7OXzqvlaMrp0%7Ctkp%3ABk9SR_7OkIX5Zw
"LAPTOP WINDOWS 11 CORE i3 8GB RAM 500GB SSD HDMI WIFI 15.6""",$148.30,https://www.ebay.com/itm/115721949637?_skw=laptop&itmmeta=01KZ4544WRGDBTMBJNGAFENYPZ&hash=item1af190d1c5:g:UFsAAOSwv81kE2RX&itmprp=enc%3AAQALAAAA4GfYFPkwiKCW4ZNSs2u11xBtdCPIn6LzgHJExx%2FPcbPY8ejkRgnH4MiL60hcLKR8RRj8g31MuY2bY0pwjXMY7jgdatDYILqgC5sAWm%2Fw9JDpW2ztBi1BR8fkFMUsU%2FCnwhWaySDD4CBOwqn%2BimqoepbqgyL0D%2BEE24jBi5%2FFH45VLRtYRDTj1k6lcUPeUmYi25%2FtgmWxwOnIprlsx2vi7lI6iWvYegFBkjZpvekk1f093qyhOgWClIKbFefB0ssoeKMPS9nVh1Yk4qi%2FUePIqKpv8dBrOk5qZQv9DaqqbF0l%7Ctkp%3ABk9SR_7OkIX5Zw
"Dell Latitude 5520 i5 15.6"" Touchscreen Laptop 16GB 512GB SSD Win 11 Pro",$399.99,https://www.ebay.com/itm/336517253224?_skw=laptop&itmmeta=01KZ4544WR52EV0EX04SBSR0J1&hash=item4e59fdc868:g:~n4AAeSwxEBpXWER&itmprp=enc%3AAQALAAAAwGfYFPkwiKCW4ZNSs2u11xBjNWLhgc%2BdrGcKQiw5D7HNYliMiAzYzcljhqUTeF0qfzxm2Q3S%2F2%2Fa%2FkwxYobmmWWuBT1Xk2nIzxonUYBbekel1FPhB%2FWPMLpjMIs9tiOArznRwwd8clNrI8eWnY6scBGHYtauLKnbXq96PGWD2eXr31%2FwyyDWftL7FCaolhAnNn7NLXF0uuIdq41pww2aYw3299hYwFYnZ9mA7K8e2v9kQfMlI9FDZwqcz1VjW1MzeA%3D%3D%7Ctkp%3ABlBMUP7OkIX5Zw
Dell Latitude 7420 14” Intel Core i7 16GB RAM 256GB SSD Win 11 Pro FHD 1920x1080,$321.33,https://www.ebay.com/itm/256684566442?_skw=laptop&itmmeta=01KZ4544WR72VPBR9QWWS6HHZ3&hash=item3bc397a7aa:g:rH8AAOSw82xnFlaI&itmprp=enc%3AAQALAAAAwGfYFPkwiKCW4ZNSs2u11xCN7CKURKJuzH%2Fp9ny0Zve0KtQ%2BjVIpOqYj5JaX66fEPMt8PdE2Y09fJthauRWOPHcT7GR6Fc%2BB66YRl1ItV2jYJgbEnGXIeIaC5DzVEOXD%2BcttRmGovjSdLuend5Ao4NFPNxkz3x%2B%2B2T7mZIWQSxwURxJzkt5UxqKrmGbII61oo9j4Z185Ew8vCII5H%2FXsrNHTwE4EVxR8WyrJ6UsmCylI14Tz0PSAm9MnDBSHFSj35A%3D%3D%7Ctkp%3ABlBMUP7OkIX5Zw
